variante,rho_ziel,n,rho_ist_wort_mittel,rho_ist_token_mittel,rho_delta_token_mittel,rho_ist_token_min,rho_ist_token_max
basis,0.25,300,0.3275024566715378,0.22174163722384782,-0.028258362776152363,0.19565217391304346,0.24137931034482762
basis,0.5,300,0.6096860498215878,0.4784097104166926,-0.021590289583307366,0.43000000000000005,0.5416666666666667
basis,0.75,300,0.8199790500548886,0.7174804183044386,-0.03251958169556016,0.6666666666666667,0.7627118644067796
demonstration,0.25,300,0.3287979758398914,0.21830013345802748,-0.0316998665419722,0.19444444444444442,0.24264705882352944
demonstration,0.5,300,0.606899572884765,0.47687934607398147,-0.023120653926018298,0.44217687074829937,0.5208333333333333
demonstration,0.75,300,0.8149179059031055,0.7097975015496089,-0.04020249845039043,0.6666666666666667,0.7654320987654322
filler,0.25,300,0.31384121615682725,0.2309936197028394,-0.0190063802971605,0.21167883211678828,0.24615384615384617
filler,0.5,300,0.6037882773917738,0.4612124673962228,-0.038787532603777194,0.43870967741935485,0.4864864864864865
filler,0.75,300,0.8425015704442737,0.7382291475648386,-0.011770852435161511,0.7058823529411764,0.7628205128205128
instruction,0.25,300,0.3110652050633236,0.23073429482089508,-0.019265705179104694,0.21014492753623193,0.24615384615384617
instruction,0.5,300,0.59421863927241,0.4653111961390558,-0.03468880386094398,0.4370860927152318,0.4963503649635036
instruction,0.75,300,0.8314229106529752,0.7380570349880986,-0.011942965011900893,0.7103448275862069,0.7605633802816901
semantic,0.25,300,0.31154640454508303,0.2293783877755748,-0.0206216122244253,0.19999999999999996,0.2571428571428571
semantic,0.5,300,0.5998071792654656,0.46726135496134047,-0.03273864503865941,0.43918918918918914,0.5029940119760479
semantic,0.75,300,0.8338943886070814,0.7202488035326939,-0.029751196467306458,0.6746031746031746,0.7619047619047619
