variante,rho_ziel,n,ln_s_frei_mittel,s_frei_geometrisch,r_kern_frei_mittel,r_red_frei_mittel,r_kern_mittel,r_red_mittel,s_geometrisch,n_r_red_null,n_intervall_offen,n_keine_teilfolge,marken_erhalten_mittel,ziffern_erhalten_mittel
demonstration,0.25,300,-0.0531394478496518,0.9482477721494341,0.5882464519634145,0.6215596532184827,0.6555479657108882,0.697698499013795,0.9406031826500958,0,0,0,1.0,1.0
demonstration,0.5,300,-0.1974317816130496,0.8208361348348548,0.24057959751451927,0.2978225946271193,0.35739645789028496,0.42393140713648014,0.8482258020139019,0,0,1,1.0,0.8116732804232804
demonstration,0.75,300,-0.7633642602149998,0.46609571907221214,0.009158216410646939,0.01971407018885089,0.15911642968255074,0.18923109724567402,0.8443032640036623,0,0,1,1.0,0.728339947089947
filler,0.25,300,0.2616791407142392,1.2991096441575682,0.7181113563019053,0.5534810416938077,0.7666624045136363,0.5548164244931527,1.3840945626568761,0,0,0,1.0,1.0
filler,0.5,300,0.5205322135722955,1.682923085903547,0.4010479616283474,0.2392739506371937,0.49535293881049164,0.23279163556080523,2.1401916762550326,0,0,1,1.0,0.9945945945945945
filler,0.75,300,0.37396510976968533,1.4534864370956078,0.0708494980529541,0.04974436896131438,0.21201993759124052,0.03853880519970167,5.708003831791072,11,0,1,1.0,0.7423423423423424
instruction,0.25,300,0.23313467218349562,1.2625514984456527,0.7144847584471197,0.5667341900747127,0.7635187796170757,0.5683716330010289,1.3459179260223268,0,0,0,1.0,1.0
instruction,0.5,300,0.8583904535060884,2.359360136104262,0.450579601159437,0.19488223284932704,0.5376744442885025,0.18737768487824552,2.940915470395787,0,0,0,1.0,0.972972972972973
instruction,0.75,300,1.936234207839801,6.932595040595594,0.08739092155720272,0.012562980239432588,0.22616663030266107,0.0005807982804430247,8.917281297225948,293,0,2,1.0,0.7423423423423424
semantic,0.25,300,0.31599263292692775,1.371620150762943,0.6890110763900286,0.5065201009602791,0.7418951643251726,0.5715624870262053,1.3051172818392884,0,0,1,1.0,0.9864864864864865
semantic,0.5,300,2.266425231056902,9.644860965425991,0.4185695218638666,0.056400983578937094,0.5102015793980849,0.16545665280630273,3.1526206402127404,0,0,2,1.0,0.8639639639639639
semantic,0.75,300,-0.5147936891259516,0.5976238782050927,0.011419208359081539,0.017425739937467058,0.1610675201863164,0.1304327388325978,1.240839076413364,0,0,1,1.0,0.7189189189189189
